experiment,dataset,n,dims,classes,algo,ARI_mean,ARI_std,NMI_mean,NMI_std,selection,cfg,n_cfg,sec
main_benchmark,Wine (UCI),178,13,3,DRASC (proposed),0.9309,0.0,0.9088,0.0,oracle,"{'k': 30, 'gamma': 1.0}",15,0.17
unsup_silhouette,Wine (UCI),178,13,3,DRASC (proposed),0.9149,0.0,0.8926,0.0,silhouette,"{'k': 30, 'gamma': 3.0}",15,0.33
drasc_selection,Wine (UCI),178,13,3,DRASC (proposed),0.8837,0.0,0.865,0.0,eigengap,"{'k': 15, 'gamma': 3.0}",15,0.0
drasc_selection,Wine (UCI),178,13,3,DRASC (proposed),0.9149,0.0,0.8926,0.0,silhouette,"{'k': 30, 'gamma': 3.0}",15,0.0
drasc_selection,Wine (UCI),178,13,3,DRASC (proposed),0.9309,0.0,0.9088,0.0,oracle,"{'k': 30, 'gamma': 1.0}",15,0.0
drasc_selection,Wine (UCI),178,13,3,DRASC (proposed),0.9309,0.0,0.9088,0.0,stability,"{'k': 30, 'gamma': 1.0}",15,0.0
main_benchmark,Wine (UCI),178,13,3,"Ablation-B (adaptive only, g=0)",0.9309,0.0,0.9088,0.0,oracle,"{'k': 30, 'gamma': 0.0}",5,0.16
unsup_silhouette,Wine (UCI),178,13,3,"Ablation-B (adaptive only, g=0)",0.9149,0.0,0.8926,0.0,silhouette,"{'k': 50, 'gamma': 0.0}",5,0.33
main_benchmark,Wine (UCI),178,13,3,k-means++,0.8975,0.0,0.8759,0.0,oracle,{'n_init': 50},1,0.16
unsup_silhouette,Wine (UCI),178,13,3,k-means++,0.8975,0.0,0.8759,0.0,silhouette,{'n_init': 50},1,0.29
main_benchmark,Wine (UCI),178,13,3,GMM (EM),0.915,0.0,0.8925,0.0,oracle,{'cov': 'diag'},4,0.32
unsup_silhouette,Wine (UCI),178,13,3,GMM (EM),0.8734,0.0141,0.858,0.0059,silhouette,{'cov': 'full'},4,0.77
main_benchmark,Wine (UCI),178,13,3,Agglomerative,0.7899,0.0,0.7865,0.0,oracle,{'linkage': 'ward'},4,0.02
unsup_silhouette,Wine (UCI),178,13,3,Agglomerative,0.7899,0.0,0.7865,0.0,silhouette,{'linkage': 'ward'},4,0.02
main_benchmark,Wine (UCI),178,13,3,Spectral (kNN),0.9149,0.0,0.8926,0.0,oracle,{'k': 50},5,0.27
unsup_silhouette,Wine (UCI),178,13,3,Spectral (kNN),0.9149,0.0,0.8926,0.0,silhouette,{'k': 50},5,0.4
main_benchmark,Wine (UCI),178,13,3,Spectral (RBF),0.9295,0.0,0.9011,0.0,oracle,{'gamma': 1.0},3,0.51
unsup_silhouette,Wine (UCI),178,13,3,Spectral (RBF),0.9295,0.0,0.9011,0.0,silhouette,{'gamma': 1.0},3,0.72
main_benchmark,Wine (UCI),178,13,3,DBSCAN,0.4295,0.0,0.537,0.0,oracle,"{'eps': 2.587, 'ms': 10}",16,0.25
unsup_silhouette,Wine (UCI),178,13,3,DBSCAN,-0.0082,0.0,0.0517,0.0,silhouette,"{'eps': 3.552, 'ms': 5}",16,0.26
main_benchmark,Wine (UCI),178,13,3,HDBSCAN,0.266,0.0,0.3613,0.0,oracle,"{'mcs': 5, 'ms': None}",12,0.05
unsup_silhouette,Wine (UCI),178,13,3,HDBSCAN,0.266,0.0,0.3613,0.0,silhouette,"{'mcs': 5, 'ms': None}",12,0.06
main_benchmark,Wine (UCI),178,13,3,BIRCH,0.7899,0.0,0.7865,0.0,oracle,{'thr': 0.2},4,0.04
unsup_silhouette,Wine (UCI),178,13,3,BIRCH,0.7899,0.0,0.7865,0.0,silhouette,{'thr': 0.2},4,0.05
main_benchmark,Wine (UCI),178,13,3,FINCH (2019),0.6864,0.0,0.7135,0.0,oracle,{'req_clust': 3},1,0.01
unsup_silhouette,Wine (UCI),178,13,3,FINCH (2019),0.6864,0.0,0.7135,0.0,silhouette,{'req_clust': 3},1,0.01
main_benchmark,Wine (UCI),178,13,3,DPC (Sci.2014),0.699,0.0,0.7262,0.0,oracle,{'dc%': 5.0},4,0.02
unsup_silhouette,Wine (UCI),178,13,3,DPC (Sci.2014),0.699,0.0,0.7262,0.0,silhouette,{'dc%': 5.0},4,0.02
main_benchmark,Wine (UCI),178,13,3,LSC (anchor spectral),0.9077,0.0172,0.8819,0.0212,oracle,"{'anchors': 64, 'k': 10}",9,1.45
unsup_silhouette,Wine (UCI),178,13,3,LSC (anchor spectral),0.9077,0.0172,0.8819,0.0212,silhouette,"{'anchors': 64, 'k': 10}",9,2.02
main_benchmark,Breast Cancer Wisconsin (UCI),569,30,2,DRASC (proposed),0.7432,0.0,0.6256,0.0,oracle,"{'k': 50, 'gamma': 1.0}",15,0.81
unsup_silhouette,Breast Cancer Wisconsin (UCI),569,30,2,DRASC (proposed),0.7368,0.0,0.6188,0.0,silhouette,"{'k': 10, 'gamma': 1.0}",15,1.49
drasc_selection,Breast Cancer Wisconsin (UCI),569,30,2,DRASC (proposed),0.7191,0.0,0.6003,0.0,eigengap,"{'k': 50, 'gamma': 3.0}",15,0.0
drasc_selection,Breast Cancer Wisconsin (UCI),569,30,2,DRASC (proposed),0.7368,0.0,0.6188,0.0,silhouette,"{'k': 10, 'gamma': 1.0}",15,0.0
drasc_selection,Breast Cancer Wisconsin (UCI),569,30,2,DRASC (proposed),0.7432,0.0,0.6256,0.0,oracle,"{'k': 50, 'gamma': 1.0}",15,0.0
drasc_selection,Breast Cancer Wisconsin (UCI),569,30,2,DRASC (proposed),0.7191,0.0,0.6003,0.0,stability,"{'k': 50, 'gamma': 3.0}",15,0.0
main_benchmark,Breast Cancer Wisconsin (UCI),569,30,2,"Ablation-B (adaptive only, g=0)",0.7431,0.0,0.6252,0.0,oracle,"{'k': 50, 'gamma': 0.0}",5,0.69
unsup_silhouette,Breast Cancer Wisconsin (UCI),569,30,2,"Ablation-B (adaptive only, g=0)",0.7126,0.0,0.5925,0.0,silhouette,"{'k': 7, 'gamma': 0.0}",5,1.36
main_benchmark,Breast Cancer Wisconsin (UCI),569,30,2,k-means++,0.6707,0.0,0.5546,0.0,oracle,{'n_init': 50},1,0.39
unsup_silhouette,Breast Cancer Wisconsin (UCI),569,30,2,k-means++,0.6707,0.0,0.5546,0.0,silhouette,{'n_init': 50},1,0.66
main_benchmark,Breast Cancer Wisconsin (UCI),569,30,2,GMM (EM),0.774,0.0,0.6611,0.0,oracle,{'cov': 'full'},4,3.28
unsup_silhouette,Breast Cancer Wisconsin (UCI),569,30,2,GMM (EM),0.7004,0.0059,0.6275,0.0052,silhouette,{'cov': 'tied'},4,5.03
main_benchmark,Breast Cancer Wisconsin (UCI),569,30,2,Agglomerative,0.575,0.0,0.4569,0.0,oracle,{'linkage': 'ward'},4,0.07
unsup_silhouette,Breast Cancer Wisconsin (UCI),569,30,2,Agglomerative,0.0048,0.0,0.0102,0.0,silhouette,{'linkage': 'complete'},4,0.07
main_benchmark,Breast Cancer Wisconsin (UCI),569,30,2,Spectral (kNN),0.7795,0.0,0.6852,0.0,oracle,{'k': 15},5,1.62
unsup_silhouette,Breast Cancer Wisconsin (UCI),569,30,2,Spectral (kNN),0.7669,0.0,0.6771,0.0,silhouette,{'k': 7},5,2.24
main_benchmark,Breast Cancer Wisconsin (UCI),569,30,2,Spectral (RBF),0.6409,0.0,0.5438,0.0,oracle,{'gamma': 0.1},3,1.82
unsup_silhouette,Breast Cancer Wisconsin (UCI),569,30,2,Spectral (RBF),0.0048,0.0,0.0102,0.0,silhouette,{'gamma': 1.0},3,2.96
main_benchmark,Breast Cancer Wisconsin (UCI),569,30,2,DBSCAN,0.2806,0.0,0.2469,0.0,oracle,"{'eps': 2.552, 'ms': 10}",16,0.76
unsup_silhouette,Breast Cancer Wisconsin (UCI),569,30,2,DBSCAN,0.0285,0.0,0.0181,0.0,silhouette,"{'eps': 4.784, 'ms': 5}",16,0.81
main_benchmark,Breast Cancer Wisconsin (UCI),569,30,2,HDBSCAN,0.1468,0.0,0.228,0.0,oracle,"{'mcs': 5, 'ms': 10}",12,0.25
unsup_silhouette,Breast Cancer Wisconsin (UCI),569,30,2,HDBSCAN,0.1186,0.0,0.199,0.0,silhouette,"{'mcs': 5, 'ms': None}",12,0.27
main_benchmark,Breast Cancer Wisconsin (UCI),569,30,2,BIRCH,0.6029,0.0,0.4802,0.0,oracle,{'thr': 1.5},4,0.3
unsup_silhouette,Breast Cancer Wisconsin (UCI),569,30,2,BIRCH,0.575,0.0,0.4569,0.0,silhouette,{'thr': 0.2},4,0.36
main_benchmark,Breast Cancer Wisconsin (UCI),569,30,2,FINCH (2019),0.583,0.0,0.4724,0.0,oracle,{'req_clust': 2},1,0.02
unsup_silhouette,Breast Cancer Wisconsin (UCI),569,30,2,FINCH (2019),0.583,0.0,0.4724,0.0,silhouette,{'req_clust': 2},1,0.02
main_benchmark,Breast Cancer Wisconsin (UCI),569,30,2,DPC (Sci.2014),0.3739,0.0,0.2912,0.0,oracle,{'dc%': 5.0},4,0.06
unsup_silhouette,Breast Cancer Wisconsin (UCI),569,30,2,DPC (Sci.2014),0.3739,0.0,0.2912,0.0,silhouette,{'dc%': 5.0},4,0.07
main_benchmark,Breast Cancer Wisconsin (UCI),569,30,2,LSC (anchor spectral),0.7599,0.0261,0.6602,0.038,oracle,"{'anchors': 256, 'k': 3}",6,2.78
unsup_silhouette,Breast Cancer Wisconsin (UCI),569,30,2,LSC (anchor spectral),0.7211,0.0112,0.6018,0.0119,silhouette,"{'anchors': 256, 'k': 10}",6,3.86
main_benchmark,Digits 8x8 (UCI handwritten),1797,64,10,DRASC (proposed),0.8069,0.0,0.8655,0.0,oracle,"{'k': 7, 'gamma': 3.0}",15,1.05
unsup_silhouette,Digits 8x8 (UCI handwritten),1797,64,10,DRASC (proposed),0.6402,0.0,0.754,0.0,silhouette,"{'k': 50, 'gamma': 1.0}",15,2.1
drasc_selection,Digits 8x8 (UCI handwritten),1797,64,10,DRASC (proposed),0.6933,0.0004,0.7943,0.0003,eigengap,"{'k': 10, 'gamma': 1.0}",15,0.0
drasc_selection,Digits 8x8 (UCI handwritten),1797,64,10,DRASC (proposed),0.6402,0.0,0.754,0.0,silhouette,"{'k': 50, 'gamma': 1.0}",15,0.0
drasc_selection,Digits 8x8 (UCI handwritten),1797,64,10,DRASC (proposed),0.8069,0.0,0.8655,0.0,oracle,"{'k': 7, 'gamma': 3.0}",15,0.0
drasc_selection,Digits 8x8 (UCI handwritten),1797,64,10,DRASC (proposed),0.6465,0.0,0.7622,0.0,stability,"{'k': 30, 'gamma': 1.0}",15,0.0
main_benchmark,Digits 8x8 (UCI handwritten),1797,64,10,"Ablation-B (adaptive only, g=0)",0.7078,0.0009,0.8072,0.0006,oracle,"{'k': 7, 'gamma': 0.0}",5,1.07
unsup_silhouette,Digits 8x8 (UCI handwritten),1797,64,10,"Ablation-B (adaptive only, g=0)",0.6435,0.0007,0.7549,0.0008,silhouette,"{'k': 50, 'gamma': 0.0}",5,2.16
main_benchmark,Digits 8x8 (UCI handwritten),1797,64,10,k-means++,0.4678,0.0008,0.6268,0.0004,oracle,{'n_init': 50},1,1.75
unsup_silhouette,Digits 8x8 (UCI handwritten),1797,64,10,k-means++,0.4678,0.0008,0.6268,0.0004,silhouette,{'n_init': 50},1,3.11
main_benchmark,Digits 8x8 (UCI handwritten),1797,64,10,GMM (EM),0.4987,0.0353,0.6852,0.0242,oracle,{'cov': 'tied'},4,59.52
unsup_silhouette,Digits 8x8 (UCI handwritten),1797,64,10,GMM (EM),0.4848,0.0287,0.619,0.0138,silhouette,{'cov': 'spherical'},4,62.86
main_benchmark,Digits 8x8 (UCI handwritten),1797,64,10,Agglomerative,0.6643,0.0,0.7956,0.0,oracle,{'linkage': 'ward'},4,0.5
unsup_silhouette,Digits 8x8 (UCI handwritten),1797,64,10,Agglomerative,0.0,0.0,0.0138,0.0,silhouette,{'linkage': 'average'},4,0.56
main_benchmark,Digits 8x8 (UCI handwritten),1797,64,10,Spectral (kNN),0.7119,0.0007,0.8191,0.0005,oracle,{'k': 7},5,2.65
unsup_silhouette,Digits 8x8 (UCI handwritten),1797,64,10,Spectral (kNN),0.6377,0.0003,0.7686,0.0001,silhouette,{'k': 50},5,4.35
main_benchmark,Digits 8x8 (UCI handwritten),1797,64,10,Spectral (RBF),0.4798,0.006,0.6084,0.0044,oracle,{'gamma': 0.1},3,2.84
unsup_silhouette,Digits 8x8 (UCI handwritten),1797,64,10,Spectral (RBF),0.0,0.0,0.0022,0.0,silhouette,{'gamma': 10.0},3,5.26
main_benchmark,Digits 8x8 (UCI handwritten),1797,64,10,DBSCAN,0.2987,0.0,0.5723,0.0,oracle,"{'eps': 4.25, 'ms': 5}",16,1.83
unsup_silhouette,Digits 8x8 (UCI handwritten),1797,64,10,DBSCAN,0.0006,0.0,0.0146,0.0,silhouette,"{'eps': 6.361, 'ms': 5}",16,1.84
main_benchmark,Digits 8x8 (UCI handwritten),1797,64,10,HDBSCAN,0.2022,0.0,0.5571,0.0,oracle,"{'mcs': 50, 'ms': 5}",12,3.37
unsup_silhouette,Digits 8x8 (UCI handwritten),1797,64,10,HDBSCAN,0.0034,0.0,0.0339,0.0,silhouette,"{'mcs': 5, 'ms': 10}",12,3.59
main_benchmark,Digits 8x8 (UCI handwritten),1797,64,10,BIRCH,0.6643,0.0,0.7956,0.0,oracle,{'thr': 0.2},4,0.73
unsup_silhouette,Digits 8x8 (UCI handwritten),1797,64,10,BIRCH,0.6643,0.0,0.7956,0.0,silhouette,{'thr': 0.2},4,0.84
main_benchmark,Digits 8x8 (UCI handwritten),1797,64,10,FINCH (2019),0.6621,0.0,0.7744,0.0,oracle,{'req_clust': 10},1,0.09
unsup_silhouette,Digits 8x8 (UCI handwritten),1797,64,10,FINCH (2019),0.6621,0.0,0.7744,0.0,silhouette,{'req_clust': 10},1,0.11
main_benchmark,Digits 8x8 (UCI handwritten),1797,64,10,DPC (Sci.2014),0.5393,0.0,0.7127,0.0,oracle,{'dc%': 1.0},4,0.56
unsup_silhouette,Digits 8x8 (UCI handwritten),1797,64,10,DPC (Sci.2014),0.5393,0.0,0.7127,0.0,silhouette,{'dc%': 1.0},4,0.64
main_benchmark,Digits 8x8 (UCI handwritten),1797,64,10,LSC (anchor spectral),0.7735,0.0298,0.8522,0.012,oracle,"{'anchors': 1024, 'k': 3}",9,11.81
unsup_silhouette,Digits 8x8 (UCI handwritten),1797,64,10,LSC (anchor spectral),0.6405,0.0082,0.7554,0.0104,silhouette,"{'anchors': 256, 'k': 10}",9,14.92
main_benchmark,"Olivetti Faces (AT&T, PCA-50)",400,50,40,DRASC (proposed),0.6368,0.0083,0.8636,0.0034,oracle,"{'k': 7, 'gamma': 1.0}",15,1.31
unsup_silhouette,"Olivetti Faces (AT&T, PCA-50)",400,50,40,DRASC (proposed),0.6068,0.018,0.8496,0.0066,silhouette,"{'k': 10, 'gamma': 2.0}",15,2.52
drasc_selection,"Olivetti Faces (AT&T, PCA-50)",400,50,40,DRASC (proposed),0.612,0.0131,0.8553,0.0062,eigengap,"{'k': 10, 'gamma': 3.0}",15,0.0
drasc_selection,"Olivetti Faces (AT&T, PCA-50)",400,50,40,DRASC (proposed),0.5822,0.0,0.8391,0.0,silhouette,"{'k': 10, 'gamma': 2.0}",15,0.0
drasc_selection,"Olivetti Faces (AT&T, PCA-50)",400,50,40,DRASC (proposed),0.649,0.0,0.8677,0.0,oracle,"{'k': 7, 'gamma': 1.0}",15,0.0
drasc_selection,"Olivetti Faces (AT&T, PCA-50)",400,50,40,DRASC (proposed),0.5822,0.0,0.8391,0.0,stability,"{'k': 10, 'gamma': 2.0}",15,0.0
main_benchmark,"Olivetti Faces (AT&T, PCA-50)",400,50,40,"Ablation-B (adaptive only, g=0)",0.6337,0.0124,0.8608,0.0064,oracle,"{'k': 7, 'gamma': 0.0}",5,1.24
unsup_silhouette,"Olivetti Faces (AT&T, PCA-50)",400,50,40,"Ablation-B (adaptive only, g=0)",0.6064,0.0111,0.8452,0.0038,silhouette,"{'k': 10, 'gamma': 0.0}",5,2.48
main_benchmark,"Olivetti Faces (AT&T, PCA-50)",400,50,40,k-means++,0.4884,0.0303,0.8122,0.0147,oracle,{'n_init': 50},1,1.63
unsup_silhouette,"Olivetti Faces (AT&T, PCA-50)",400,50,40,k-means++,0.4884,0.0303,0.8122,0.0147,silhouette,{'n_init': 50},1,2.87
main_benchmark,"Olivetti Faces (AT&T, PCA-50)",400,50,40,GMM (EM),0.4932,0.045,0.817,0.0166,oracle,{'cov': 'tied'},4,3.71
unsup_silhouette,"Olivetti Faces (AT&T, PCA-50)",400,50,40,GMM (EM),0.4932,0.045,0.817,0.0166,silhouette,{'cov': 'tied'},4,5.92
main_benchmark,"Olivetti Faces (AT&T, PCA-50)",400,50,40,Agglomerative,0.4993,0.0,0.8333,0.0,oracle,{'linkage': 'ward'},4,0.05
unsup_silhouette,"Olivetti Faces (AT&T, PCA-50)",400,50,40,Agglomerative,0.4993,0.0,0.8333,0.0,silhouette,{'linkage': 'ward'},4,0.06
main_benchmark,"Olivetti Faces (AT&T, PCA-50)",400,50,40,Spectral (kNN),0.4999,0.0308,0.8377,0.0045,oracle,{'k': 10},5,2.11
unsup_silhouette,"Olivetti Faces (AT&T, PCA-50)",400,50,40,Spectral (kNN),0.4322,0.0199,0.8179,0.0036,silhouette,{'k': 15},5,2.91
main_benchmark,"Olivetti Faces (AT&T, PCA-50)",400,50,40,Spectral (RBF),0.45,0.0416,0.7996,0.0198,oracle,{'gamma': 0.1},3,2.27
unsup_silhouette,"Olivetti Faces (AT&T, PCA-50)",400,50,40,Spectral (RBF),0.4023,0.0244,0.7798,0.0147,silhouette,{'gamma': 1.0},3,3.61
main_benchmark,"Olivetti Faces (AT&T, PCA-50)",400,50,40,DBSCAN,0.0651,0.0,0.4954,0.0,oracle,"{'eps': 6.507, 'ms': 5}",16,0.8
unsup_silhouette,"Olivetti Faces (AT&T, PCA-50)",400,50,40,DBSCAN,0.0001,0.0,0.019,0.0,silhouette,"{'eps': 9.318, 'ms': 10}",16,0.85
main_benchmark,"Olivetti Faces (AT&T, PCA-50)",400,50,40,HDBSCAN,0.042,0.0,0.3505,0.0,oracle,"{'mcs': 5, 'ms': None}",12,0.2
unsup_silhouette,"Olivetti Faces (AT&T, PCA-50)",400,50,40,HDBSCAN,0.042,0.0,0.3505,0.0,silhouette,"{'mcs': 5, 'ms': None}",12,0.22
main_benchmark,"Olivetti Faces (AT&T, PCA-50)",400,50,40,BIRCH,0.5029,0.0,0.8347,0.0,oracle,{'thr': 0.8},4,0.26
unsup_silhouette,"Olivetti Faces (AT&T, PCA-50)",400,50,40,BIRCH,0.4993,0.0,0.8333,0.0,silhouette,{'thr': 0.2},4,0.32
main_benchmark,"Olivetti Faces (AT&T, PCA-50)",400,50,40,FINCH (2019),0.6938,0.0,0.8974,0.0,oracle,{'req_clust': 40},1,0.15
unsup_silhouette,"Olivetti Faces (AT&T, PCA-50)",400,50,40,FINCH (2019),0.6938,0.0,0.8974,0.0,silhouette,{'req_clust': 40},1,0.22
main_benchmark,"Olivetti Faces (AT&T, PCA-50)",400,50,40,DPC (Sci.2014),0.545,0.0,0.84,0.0,oracle,{'dc%': 5.0},4,0.04
unsup_silhouette,"Olivetti Faces (AT&T, PCA-50)",400,50,40,DPC (Sci.2014),0.545,0.0,0.84,0.0,silhouette,{'dc%': 5.0},4,0.05
main_benchmark,"Olivetti Faces (AT&T, PCA-50)",400,50,40,LSC (anchor spectral),0.5986,0.0099,0.8476,0.0028,oracle,"{'anchors': 256, 'k': 5}",3,1.99
unsup_silhouette,"Olivetti Faces (AT&T, PCA-50)",400,50,40,LSC (anchor spectral),0.5986,0.0099,0.8476,0.0028,silhouette,"{'anchors': 256, 'k': 5}",3,3.09
main_benchmark,Banknote Authentication (UCI),1372,4,2,DRASC (proposed),0.514,0.0,0.4312,0.0,oracle,"{'k': 15, 'gamma': 2.0}",15,0.91
unsup_silhouette,Banknote Authentication (UCI),1372,4,2,DRASC (proposed),0.1482,0.0,0.2234,0.0,silhouette,"{'k': 30, 'gamma': 3.0}",15,1.81
drasc_selection,Banknote Authentication (UCI),1372,4,2,DRASC (proposed),-0.0032,0.0,0.014,0.0,eigengap,"{'k': 10, 'gamma': 2.0}",15,0.0
drasc_selection,Banknote Authentication (UCI),1372,4,2,DRASC (proposed),0.1482,0.0,0.2234,0.0,silhouette,"{'k': 30, 'gamma': 3.0}",15,0.0
drasc_selection,Banknote Authentication (UCI),1372,4,2,DRASC (proposed),0.514,0.0,0.4312,0.0,oracle,"{'k': 15, 'gamma': 2.0}",15,0.0
drasc_selection,Banknote Authentication (UCI),1372,4,2,DRASC (proposed),0.0356,0.0,0.0211,0.0,stability,"{'k': 50, 'gamma': 2.0}",15,0.0
main_benchmark,Banknote Authentication (UCI),1372,4,2,"Ablation-B (adaptive only, g=0)",0.2436,0.0,0.1813,0.0,oracle,"{'k': 15, 'gamma': 0.0}",5,0.89
unsup_silhouette,Banknote Authentication (UCI),1372,4,2,"Ablation-B (adaptive only, g=0)",0.0318,0.0,0.0186,0.0,silhouette,"{'k': 50, 'gamma': 0.0}",5,1.78
main_benchmark,Banknote Authentication (UCI),1372,4,2,k-means++,0.0131,0.0002,0.0109,0.0002,oracle,{'n_init': 50},1,0.62
unsup_silhouette,Banknote Authentication (UCI),1372,4,2,k-means++,0.0131,0.0002,0.0109,0.0002,silhouette,{'n_init': 50},1,1.07
main_benchmark,Banknote Authentication (UCI),1372,4,2,GMM (EM),0.0229,0.0002,0.0191,0.0001,oracle,{'cov': 'diag'},4,1.33
unsup_silhouette,Banknote Authentication (UCI),1372,4,2,GMM (EM),0.015,0.0,0.0125,0.0,silhouette,{'cov': 'spherical'},4,1.43
main_benchmark,Banknote Authentication (UCI),1372,4,2,Agglomerative,0.0795,0.0,0.0796,0.0,oracle,{'linkage': 'average'},4,0.18
unsup_silhouette,Banknote Authentication (UCI),1372,4,2,Agglomerative,0.072,0.0,0.1527,0.0,silhouette,{'linkage': 'complete'},4,0.21
main_benchmark,Banknote Authentication (UCI),1372,4,2,Spectral (kNN),0.164,0.0024,0.1183,0.0018,oracle,{'k': 15},5,2.35
unsup_silhouette,Banknote Authentication (UCI),1372,4,2,Spectral (kNN),0.0193,0.0,0.0098,0.0,silhouette,{'k': 30},5,3.33
main_benchmark,Banknote Authentication (UCI),1372,4,2,Spectral (RBF),0.1244,0.0,0.2054,0.0,oracle,{'gamma': 10.0},3,2.27
unsup_silhouette,Banknote Authentication (UCI),1372,4,2,Spectral (RBF),0.1244,0.0,0.2054,0.0,silhouette,{'gamma': 10.0},3,3.68
main_benchmark,Banknote Authentication (UCI),1372,4,2,DBSCAN,0.8242,0.0,0.7226,0.0,oracle,"{'eps': 0.521, 'ms': 10}",16,0.51
unsup_silhouette,Banknote Authentication (UCI),1372,4,2,DBSCAN,0.1725,0.0,0.3726,0.0,silhouette,"{'eps': 0.33, 'ms': 5}",16,0.52
main_benchmark,Banknote Authentication (UCI),1372,4,2,HDBSCAN,0.387,0.0,0.454,0.0,oracle,"{'mcs': 25, 'ms': 10}",12,0.51
unsup_silhouette,Banknote Authentication (UCI),1372,4,2,HDBSCAN,0.0078,0.0,0.0311,0.0,silhouette,"{'mcs': 10, 'ms': None}",12,0.54
main_benchmark,Banknote Authentication (UCI),1372,4,2,BIRCH,0.1244,0.0,0.2124,0.0,oracle,{'thr': 0.2},4,0.17
unsup_silhouette,Banknote Authentication (UCI),1372,4,2,BIRCH,0.1098,0.0,0.1768,0.0,silhouette,{'thr': 1.5},4,0.18
main_benchmark,Banknote Authentication (UCI),1372,4,2,FINCH (2019),0.3918,0.0,0.3182,0.0,oracle,{'req_clust': 2},1,0.05
unsup_silhouette,Banknote Authentication (UCI),1372,4,2,FINCH (2019),0.3918,0.0,0.3182,0.0,silhouette,{'req_clust': 2},1,0.06
main_benchmark,Banknote Authentication (UCI),1372,4,2,DPC (Sci.2014),0.92,0.0,0.8757,0.0,oracle,{'dc%': 2.0},4,0.26
unsup_silhouette,Banknote Authentication (UCI),1372,4,2,DPC (Sci.2014),0.9088,0.0,0.8625,0.0,silhouette,{'dc%': 5.0},4,0.3
main_benchmark,Banknote Authentication (UCI),1372,4,2,LSC (anchor spectral),0.2899,0.2401,0.3006,0.2021,oracle,"{'anchors': 256, 'k': 5}",9,4.96
unsup_silhouette,Banknote Authentication (UCI),1372,4,2,LSC (anchor spectral),0.1285,0.2363,0.1421,0.2074,silhouette,"{'anchors': 512, 'k': 5}",9,6.75
main_benchmark,Seeds (UCI),210,7,3,DRASC (proposed),0.8357,0.0,0.7907,0.0,oracle,"{'k': 7, 'gamma': 3.0}",15,0.19
unsup_silhouette,Seeds (UCI),210,7,3,DRASC (proposed),0.7863,0.0,0.7375,0.0,silhouette,"{'k': 30, 'gamma': 2.0}",15,0.36
drasc_selection,Seeds (UCI),210,7,3,DRASC (proposed),0.798,0.0,0.7502,0.0,eigengap,"{'k': 30, 'gamma': 1.0}",15,0.0
drasc_selection,Seeds (UCI),210,7,3,DRASC (proposed),0.7863,0.0,0.7375,0.0,silhouette,"{'k': 30, 'gamma': 2.0}",15,0.0
drasc_selection,Seeds (UCI),210,7,3,DRASC (proposed),0.8357,0.0,0.7907,0.0,oracle,"{'k': 7, 'gamma': 3.0}",15,0.0
drasc_selection,Seeds (UCI),210,7,3,DRASC (proposed),0.798,0.0,0.7502,0.0,stability,"{'k': 30, 'gamma': 1.0}",15,0.0
main_benchmark,Seeds (UCI),210,7,3,"Ablation-B (adaptive only, g=0)",0.8107,0.0,0.7605,0.0,oracle,"{'k': 7, 'gamma': 0.0}",5,0.17
unsup_silhouette,Seeds (UCI),210,7,3,"Ablation-B (adaptive only, g=0)",0.798,0.0,0.7502,0.0,silhouette,"{'k': 30, 'gamma': 0.0}",5,0.34
main_benchmark,Seeds (UCI),210,7,3,k-means++,0.7733,0.0,0.7279,0.0,oracle,{'n_init': 50},1,0.17
unsup_silhouette,Seeds (UCI),210,7,3,k-means++,0.7733,0.0,0.7279,0.0,silhouette,{'n_init': 50},1,0.31
main_benchmark,Seeds (UCI),210,7,3,GMM (EM),0.8905,0.0,0.8573,0.0,oracle,{'cov': 'tied'},4,0.83
unsup_silhouette,Seeds (UCI),210,7,3,GMM (EM),0.7825,0.0055,0.742,0.0052,silhouette,{'cov': 'spherical'},4,0.97
main_benchmark,Seeds (UCI),210,7,3,Agglomerative,0.797,0.0,0.7498,0.0,oracle,{'linkage': 'ward'},4,0.01
unsup_silhouette,Seeds (UCI),210,7,3,Agglomerative,0.797,0.0,0.7498,0.0,silhouette,{'linkage': 'ward'},4,0.02
main_benchmark,Seeds (UCI),210,7,3,Spectral (kNN),0.8218,0.0,0.7786,0.0,oracle,{'k': 7},5,0.28
unsup_silhouette,Seeds (UCI),210,7,3,Spectral (kNN),0.7846,0.0,0.739,0.0,silhouette,{'k': 30},5,0.41
main_benchmark,Seeds (UCI),210,7,3,Spectral (RBF),0.8109,0.0,0.7629,0.0,oracle,{'gamma': 10.0},3,0.59
unsup_silhouette,Seeds (UCI),210,7,3,Spectral (RBF),0.8109,0.0,0.7629,0.0,silhouette,{'gamma': 10.0},3,0.88
main_benchmark,Seeds (UCI),210,7,3,DBSCAN,0.4048,0.0,0.4776,0.0,oracle,"{'eps': 0.879, 'ms': 5}",16,0.25
unsup_silhouette,Seeds (UCI),210,7,3,DBSCAN,0.4048,0.0,0.4776,0.0,silhouette,"{'eps': 0.879, 'ms': 5}",16,0.26
main_benchmark,Seeds (UCI),210,7,3,HDBSCAN,0.2898,0.0,0.382,0.0,oracle,"{'mcs': 10, 'ms': 5}",12,0.06
unsup_silhouette,Seeds (UCI),210,7,3,HDBSCAN,0.2898,0.0,0.382,0.0,silhouette,"{'mcs': 10, 'ms': 5}",12,0.06
main_benchmark,Seeds (UCI),210,7,3,BIRCH,0.7577,0.0,0.7498,0.0,oracle,{'thr': 0.5},4,0.03
unsup_silhouette,Seeds (UCI),210,7,3,BIRCH,0.6413,0.0,0.6273,0.0,silhouette,{'thr': 1.5},4,0.03
main_benchmark,Seeds (UCI),210,7,3,FINCH (2019),0.7013,0.0,0.678,0.0,oracle,{'req_clust': 3},1,0.01
unsup_silhouette,Seeds (UCI),210,7,3,FINCH (2019),0.7013,0.0,0.678,0.0,silhouette,{'req_clust': 3},1,0.01
main_benchmark,Seeds (UCI),210,7,3,DPC (Sci.2014),0.7997,0.0,0.7564,0.0,oracle,{'dc%': 1.0},4,0.02
unsup_silhouette,Seeds (UCI),210,7,3,DPC (Sci.2014),0.7402,0.0,0.6942,0.0,silhouette,{'dc%': 0.5},4,0.02
main_benchmark,Seeds (UCI),210,7,3,LSC (anchor spectral),0.7675,0.0389,0.7313,0.0251,oracle,"{'anchors': 64, 'k': 3}",9,1.28
unsup_silhouette,Seeds (UCI),210,7,3,LSC (anchor spectral),0.7542,0.0168,0.7131,0.0144,silhouette,"{'anchors': 32, 'k': 10}",9,1.52
main_benchmark,Pen Digits (UCI),4000,16,10,DRASC (proposed),0.8001,0.0,0.857,0.0,oracle,"{'k': 10, 'gamma': 2.0}",15,0.86
unsup_silhouette,Pen Digits (UCI),4000,16,10,DRASC (proposed),0.6269,0.0,0.7809,0.0,silhouette,"{'k': 50, 'gamma': 1.0}",15,1.8
drasc_selection,Pen Digits (UCI),4000,16,10,DRASC (proposed),0.678,0.0016,0.7998,0.0007,eigengap,"{'k': 7, 'gamma': 3.0}",15,0.0
drasc_selection,Pen Digits (UCI),4000,16,10,DRASC (proposed),0.6269,0.0,0.7809,0.0,silhouette,"{'k': 50, 'gamma': 1.0}",15,0.0
drasc_selection,Pen Digits (UCI),4000,16,10,DRASC (proposed),0.8001,0.0,0.857,0.0,oracle,"{'k': 10, 'gamma': 2.0}",15,0.0
drasc_selection,Pen Digits (UCI),4000,16,10,DRASC (proposed),0.7734,0.0,0.8422,0.0,stability,"{'k': 30, 'gamma': 3.0}",15,0.0
main_benchmark,Pen Digits (UCI),4000,16,10,"Ablation-B (adaptive only, g=0)",0.7762,0.0,0.8383,0.0,oracle,"{'k': 7, 'gamma': 0.0}",5,0.83
unsup_silhouette,Pen Digits (UCI),4000,16,10,"Ablation-B (adaptive only, g=0)",0.6245,0.0,0.7765,0.0,silhouette,"{'k': 50, 'gamma': 0.0}",5,1.7
main_benchmark,Pen Digits (UCI),4000,16,10,k-means++,0.5612,0.0007,0.7037,0.0005,oracle,{'n_init': 50},1,1.41
unsup_silhouette,Pen Digits (UCI),4000,16,10,k-means++,0.5612,0.0007,0.7037,0.0005,silhouette,{'n_init': 50},1,2.36
main_benchmark,Pen Digits (UCI),4000,16,10,GMM (EM),0.5785,0.0066,0.7199,0.0014,oracle,{'cov': 'tied'},4,16.67
unsup_silhouette,Pen Digits (UCI),4000,16,10,GMM (EM),0.5785,0.0066,0.7199,0.0014,silhouette,{'cov': 'tied'},4,21.1
main_benchmark,Pen Digits (UCI),4000,16,10,Agglomerative,0.5797,0.0,0.7354,0.0,oracle,{'linkage': 'ward'},4,1.47
unsup_silhouette,Pen Digits (UCI),4000,16,10,Agglomerative,0.5797,0.0,0.7354,0.0,silhouette,{'linkage': 'ward'},4,1.71
main_benchmark,Pen Digits (UCI),4000,16,10,Spectral (kNN),0.7091,0.0,0.819,0.0,oracle,{'k': 15},5,4.28
unsup_silhouette,Pen Digits (UCI),4000,16,10,Spectral (kNN),0.6176,0.0,0.7763,0.0,silhouette,{'k': 50},5,6.21
main_benchmark,Pen Digits (UCI),4000,16,10,Spectral (RBF),0.5486,0.0083,0.661,0.0006,oracle,{'gamma': 0.1},3,6.36
unsup_silhouette,Pen Digits (UCI),4000,16,10,Spectral (RBF),0.4304,0.0003,0.6356,0.0003,silhouette,{'gamma': 1.0},3,9.2
main_benchmark,Pen Digits (UCI),4000,16,10,DBSCAN,0.5739,0.0,0.7418,0.0,oracle,"{'eps': 1.148, 'ms': 5}",16,2.29
unsup_silhouette,Pen Digits (UCI),4000,16,10,DBSCAN,0.5476,0.0,0.7097,0.0,silhouette,"{'eps': 1.508, 'ms': 10}",16,2.31
main_benchmark,Pen Digits (UCI),4000,16,10,HDBSCAN,0.5862,0.0,0.7515,0.0,oracle,"{'mcs': 10, 'ms': 5}",12,5.15
unsup_silhouette,Pen Digits (UCI),4000,16,10,HDBSCAN,0.4998,0.0,0.708,0.0,silhouette,"{'mcs': 50, 'ms': 10}",12,5.43
main_benchmark,Pen Digits (UCI),4000,16,10,BIRCH,0.5865,0.0,0.7427,0.0,oracle,{'thr': 0.5},4,1.23
unsup_silhouette,Pen Digits (UCI),4000,16,10,BIRCH,0.5123,0.0,0.7084,0.0,silhouette,{'thr': 0.8},4,1.31
main_benchmark,Pen Digits (UCI),4000,16,10,FINCH (2019),0.6197,0.0,0.7687,0.0,oracle,{'req_clust': 10},1,0.43
unsup_silhouette,Pen Digits (UCI),4000,16,10,FINCH (2019),0.6197,0.0,0.7687,0.0,silhouette,{'req_clust': 10},1,0.59
main_benchmark,Pen Digits (UCI),4000,16,10,DPC (Sci.2014),0.6285,0.0,0.7551,0.0,oracle,{'dc%': 0.5},4,2.14
unsup_silhouette,Pen Digits (UCI),4000,16,10,DPC (Sci.2014),0.5944,0.0,0.7353,0.0,silhouette,{'dc%': 1.0},4,2.48
main_benchmark,Pen Digits (UCI),4000,16,10,LSC (anchor spectral),0.7607,0.004,0.8227,0.0023,oracle,"{'anchors': 256, 'k': 3}",9,8.67
unsup_silhouette,Pen Digits (UCI),4000,16,10,LSC (anchor spectral),0.6216,0.0044,0.7544,0.0024,silhouette,"{'anchors': 256, 'k': 10}",9,9.72
main_benchmark,Satimage / Landsat (UCI),4000,36,6,DRASC (proposed),0.602,0.0,0.675,0.0,oracle,"{'k': 7, 'gamma': 3.0}",15,0.71
unsup_silhouette,Satimage / Landsat (UCI),4000,36,6,DRASC (proposed),0.4989,0.0,0.6235,0.0,silhouette,"{'k': 50, 'gamma': 1.0}",15,1.55
drasc_selection,Satimage / Landsat (UCI),4000,36,6,DRASC (proposed),0.4989,0.0,0.6235,0.0,eigengap,"{'k': 50, 'gamma': 1.0}",15,0.0
drasc_selection,Satimage / Landsat (UCI),4000,36,6,DRASC (proposed),0.4989,0.0,0.6235,0.0,silhouette,"{'k': 50, 'gamma': 1.0}",15,0.0
drasc_selection,Satimage / Landsat (UCI),4000,36,6,DRASC (proposed),0.602,0.0,0.675,0.0,oracle,"{'k': 7, 'gamma': 3.0}",15,0.0
drasc_selection,Satimage / Landsat (UCI),4000,36,6,DRASC (proposed),0.5131,0.0,0.6361,0.0,stability,"{'k': 30, 'gamma': 1.0}",15,0.0
main_benchmark,Satimage / Landsat (UCI),4000,36,6,"Ablation-B (adaptive only, g=0)",0.5235,0.0007,0.6389,0.0007,oracle,"{'k': 7, 'gamma': 0.0}",5,0.73
unsup_silhouette,Satimage / Landsat (UCI),4000,36,6,"Ablation-B (adaptive only, g=0)",0.4949,0.0,0.6208,0.0,silhouette,"{'k': 50, 'gamma': 0.0}",5,1.54
main_benchmark,Satimage / Landsat (UCI),4000,36,6,k-means++,0.5213,0.0008,0.6116,0.001,oracle,{'n_init': 50},1,1.1
unsup_silhouette,Satimage / Landsat (UCI),4000,36,6,k-means++,0.5213,0.0008,0.6116,0.001,silhouette,{'n_init': 50},1,1.84
main_benchmark,Satimage / Landsat (UCI),4000,36,6,GMM (EM),0.5615,0.0437,0.6398,0.0087,oracle,{'cov': 'tied'},4,23.01
unsup_silhouette,Satimage / Landsat (UCI),4000,36,6,GMM (EM),0.499,0.0006,0.5984,0.0004,silhouette,{'cov': 'spherical'},4,25.0
main_benchmark,Satimage / Landsat (UCI),4000,36,6,Agglomerative,0.4853,0.0,0.5942,0.0,oracle,{'linkage': 'ward'},4,1.83
unsup_silhouette,Satimage / Landsat (UCI),4000,36,6,Agglomerative,0.2575,0.0,0.4047,0.0,silhouette,{'linkage': 'average'},4,2.11
main_benchmark,Satimage / Landsat (UCI),4000,36,6,Spectral (kNN),0.498,0.0001,0.627,0.0001,oracle,{'k': 7},5,4.24
unsup_silhouette,Satimage / Landsat (UCI),4000,36,6,Spectral (kNN),0.4643,0.0,0.611,0.0,silhouette,{'k': 30},5,6.16
main_benchmark,Satimage / Landsat (UCI),4000,36,6,Spectral (RBF),0.4746,0.0004,0.5207,0.0006,oracle,{'gamma': 0.1},3,5.74
unsup_silhouette,Satimage / Landsat (UCI),4000,36,6,Spectral (RBF),0.3234,0.0012,0.5059,0.0007,silhouette,{'gamma': 1.0},3,8.27
main_benchmark,Satimage / Landsat (UCI),4000,36,6,DBSCAN,0.3237,0.0,0.4644,0.0,oracle,"{'eps': 1.73, 'ms': 10}",16,2.57
unsup_silhouette,Satimage / Landsat (UCI),4000,36,6,DBSCAN,0.0842,0.0,0.2512,0.0,silhouette,"{'eps': 2.561, 'ms': 5}",16,2.6
main_benchmark,Satimage / Landsat (UCI),4000,36,6,HDBSCAN,0.0922,0.0,0.2352,0.0,oracle,"{'mcs': 5, 'ms': None}",12,7.92
unsup_silhouette,Satimage / Landsat (UCI),4000,36,6,HDBSCAN,0.0891,0.0,0.2715,0.0,silhouette,"{'mcs': 50, 'ms': None}",12,8.37
main_benchmark,Satimage / Landsat (UCI),4000,36,6,BIRCH,0.5273,0.0,0.607,0.0,oracle,{'thr': 0.5},4,1.71
unsup_silhouette,Satimage / Landsat (UCI),4000,36,6,BIRCH,0.5273,0.0,0.607,0.0,silhouette,{'thr': 0.5},4,2.02
main_benchmark,Satimage / Landsat (UCI),4000,36,6,FINCH (2019),0.3134,0.0,0.423,0.0,oracle,{'req_clust': 6},1,0.45
unsup_silhouette,Satimage / Landsat (UCI),4000,36,6,FINCH (2019),0.3134,0.0,0.423,0.0,silhouette,{'req_clust': 6},1,0.61
main_benchmark,Satimage / Landsat (UCI),4000,36,6,DPC (Sci.2014),0.5306,0.0,0.6273,0.0,oracle,{'dc%': 5.0},4,2.45
unsup_silhouette,Satimage / Landsat (UCI),4000,36,6,DPC (Sci.2014),0.4372,0.0,0.5293,0.0,silhouette,{'dc%': 2.0},4,2.84
main_benchmark,Satimage / Landsat (UCI),4000,36,6,LSC (anchor spectral),0.5827,0.0039,0.6571,0.0076,oracle,"{'anchors': 512, 'k': 3}",9,13.08
unsup_silhouette,Satimage / Landsat (UCI),4000,36,6,LSC (anchor spectral),0.5134,0.0041,0.6206,0.0013,silhouette,"{'anchors': 256, 'k': 10}",9,15.18
main_benchmark,Vehicle Silhouettes (UCI),846,18,4,DRASC (proposed),0.1362,0.0,0.1905,0.0,oracle,"{'k': 10, 'gamma': 3.0}",15,0.85
unsup_silhouette,Vehicle Silhouettes (UCI),846,18,4,DRASC (proposed),0.1079,0.0,0.1647,0.0,silhouette,"{'k': 15, 'gamma': 1.0}",15,1.62
drasc_selection,Vehicle Silhouettes (UCI),846,18,4,DRASC (proposed),0.0896,0.0,0.1237,0.0,eigengap,"{'k': 50, 'gamma': 1.0}",15,0.0
drasc_selection,Vehicle Silhouettes (UCI),846,18,4,DRASC (proposed),0.1079,0.0,0.1647,0.0,silhouette,"{'k': 15, 'gamma': 1.0}",15,0.0
drasc_selection,Vehicle Silhouettes (UCI),846,18,4,DRASC (proposed),0.1362,0.0,0.1905,0.0,oracle,"{'k': 10, 'gamma': 3.0}",15,0.0
drasc_selection,Vehicle Silhouettes (UCI),846,18,4,DRASC (proposed),0.0896,0.0,0.1237,0.0,stability,"{'k': 50, 'gamma': 1.0}",15,0.0
main_benchmark,Vehicle Silhouettes (UCI),846,18,4,"Ablation-B (adaptive only, g=0)",0.1292,0.0004,0.1848,0.0003,oracle,"{'k': 7, 'gamma': 0.0}",5,0.77
unsup_silhouette,Vehicle Silhouettes (UCI),846,18,4,"Ablation-B (adaptive only, g=0)",0.1086,0.0,0.1671,0.0,silhouette,"{'k': 15, 'gamma': 0.0}",5,1.51
main_benchmark,Vehicle Silhouettes (UCI),846,18,4,k-means++,0.0761,0.0,0.1164,0.0001,oracle,{'n_init': 50},1,0.58
unsup_silhouette,Vehicle Silhouettes (UCI),846,18,4,k-means++,0.0761,0.0,0.1164,0.0001,silhouette,{'n_init': 50},1,1.0
main_benchmark,Vehicle Silhouettes (UCI),846,18,4,GMM (EM),0.1086,0.0122,0.1383,0.0243,oracle,{'cov': 'diag'},4,1.66
unsup_silhouette,Vehicle Silhouettes (UCI),846,18,4,GMM (EM),0.0767,0.0038,0.1195,0.0084,silhouette,{'cov': 'spherical'},4,1.83
main_benchmark,Vehicle Silhouettes (UCI),846,18,4,Agglomerative,0.0921,0.0,0.1181,0.0,oracle,{'linkage': 'ward'},4,0.09
unsup_silhouette,Vehicle Silhouettes (UCI),846,18,4,Agglomerative,0.0006,0.0,0.0142,0.0,silhouette,{'linkage': 'single'},4,0.1
main_benchmark,Vehicle Silhouettes (UCI),846,18,4,Spectral (kNN),0.119,0.0,0.182,0.0,oracle,{'k': 10},5,1.96
unsup_silhouette,Vehicle Silhouettes (UCI),846,18,4,Spectral (kNN),0.1173,0.0,0.1581,0.0,silhouette,{'k': 7},5,2.67
main_benchmark,Vehicle Silhouettes (UCI),846,18,4,Spectral (RBF),0.0701,0.0,0.1337,0.0,oracle,{'gamma': 10.0},3,2.0
unsup_silhouette,Vehicle Silhouettes (UCI),846,18,4,Spectral (RBF),0.0006,0.0,0.0132,0.0,silhouette,{'gamma': 1.0},3,3.2
main_benchmark,Vehicle Silhouettes (UCI),846,18,4,DBSCAN,0.1097,0.0,0.1772,0.0,oracle,"{'eps': 1.505, 'ms': 5}",16,1.5
unsup_silhouette,Vehicle Silhouettes (UCI),846,18,4,DBSCAN,0.0005,0.0,0.0116,0.0,silhouette,"{'eps': 2.226, 'ms': 5}",16,1.52
main_benchmark,Vehicle Silhouettes (UCI),846,18,4,HDBSCAN,0.0896,0.0,0.1442,0.0,oracle,"{'mcs': 10, 'ms': 5}",12,0.51
unsup_silhouette,Vehicle Silhouettes (UCI),846,18,4,HDBSCAN,0.0006,0.0,0.0119,0.0,silhouette,"{'mcs': 5, 'ms': None}",12,0.55
main_benchmark,Vehicle Silhouettes (UCI),846,18,4,BIRCH,0.1016,0.0,0.1386,0.0,oracle,{'thr': 0.8},4,0.17
unsup_silhouette,Vehicle Silhouettes (UCI),846,18,4,BIRCH,0.0862,0.0,0.1216,0.0,silhouette,{'thr': 0.5},4,0.2
main_benchmark,Vehicle Silhouettes (UCI),846,18,4,FINCH (2019),0.0946,0.0,0.1591,0.0,oracle,{'req_clust': 4},1,0.04
unsup_silhouette,Vehicle Silhouettes (UCI),846,18,4,FINCH (2019),0.0946,0.0,0.1591,0.0,silhouette,{'req_clust': 4},1,0.05
main_benchmark,Vehicle Silhouettes (UCI),846,18,4,DPC (Sci.2014),0.1168,0.0,0.1872,0.0,oracle,{'dc%': 2.0},4,0.12
unsup_silhouette,Vehicle Silhouettes (UCI),846,18,4,DPC (Sci.2014),0.0943,0.0,0.1877,0.0,silhouette,{'dc%': 0.5},4,0.14
main_benchmark,Vehicle Silhouettes (UCI),846,18,4,LSC (anchor spectral),0.1464,0.006,0.2017,0.0074,oracle,"{'anchors': 512, 'k': 5}",6,3.44
unsup_silhouette,Vehicle Silhouettes (UCI),846,18,4,LSC (anchor spectral),0.1114,0.0062,0.1731,0.004,silhouette,"{'anchors': 256, 'k': 10}",6,4.58
main_benchmark,Image Segmentation (UCI),2310,18,7,DRASC (proposed),0.3782,0.0,0.5449,0.0,oracle,"{'k': 15, 'gamma': 3.0}",15,1.3
unsup_silhouette,Image Segmentation (UCI),2310,18,7,DRASC (proposed),0.3708,0.0,0.544,0.0,silhouette,"{'k': 50, 'gamma': 1.0}",15,2.39
drasc_selection,Image Segmentation (UCI),2310,18,7,DRASC (proposed),0.3437,0.0,0.5156,0.0,eigengap,"{'k': 30, 'gamma': 2.0}",15,0.0
drasc_selection,Image Segmentation (UCI),2310,18,7,DRASC (proposed),0.3708,0.0,0.544,0.0,silhouette,"{'k': 50, 'gamma': 1.0}",15,0.0
drasc_selection,Image Segmentation (UCI),2310,18,7,DRASC (proposed),0.3782,0.0,0.5449,0.0,oracle,"{'k': 15, 'gamma': 3.0}",15,0.0
drasc_selection,Image Segmentation (UCI),2310,18,7,DRASC (proposed),0.3514,0.0,0.521,0.0,stability,"{'k': 30, 'gamma': 1.0}",15,0.0
main_benchmark,Image Segmentation (UCI),2310,18,7,"Ablation-B (adaptive only, g=0)",0.3701,0.0076,0.5825,0.0079,oracle,"{'k': 7, 'gamma': 0.0}",5,1.26
unsup_silhouette,Image Segmentation (UCI),2310,18,7,"Ablation-B (adaptive only, g=0)",0.3721,0.0,0.5456,0.0,silhouette,"{'k': 50, 'gamma': 0.0}",5,2.39
main_benchmark,Image Segmentation (UCI),2310,18,7,k-means++,0.461,0.0006,0.5849,0.0009,oracle,{'n_init': 50},1,1.15
unsup_silhouette,Image Segmentation (UCI),2310,18,7,k-means++,0.461,0.0006,0.5849,0.0009,silhouette,{'n_init': 50},1,2.02
main_benchmark,Image Segmentation (UCI),2310,18,7,GMM (EM),0.5105,0.0315,0.6608,0.0244,oracle,{'cov': 'tied'},4,5.2
unsup_silhouette,Image Segmentation (UCI),2310,18,7,GMM (EM),0.5105,0.0315,0.6608,0.0244,silhouette,{'cov': 'tied'},4,8.43
main_benchmark,Image Segmentation (UCI),2310,18,7,Agglomerative,0.4751,0.0,0.6261,0.0,oracle,{'linkage': 'ward'},4,0.56
unsup_silhouette,Image Segmentation (UCI),2310,18,7,Agglomerative,0.0,0.0,0.0069,0.0,silhouette,{'linkage': 'single'},4,0.6
main_benchmark,Image Segmentation (UCI),2310,18,7,Spectral (kNN),0.3686,0.0,0.566,0.0,oracle,{'k': 50},5,3.27
unsup_silhouette,Image Segmentation (UCI),2310,18,7,Spectral (kNN),0.3598,0.0,0.5396,0.0,silhouette,{'k': 30},5,4.56
main_benchmark,Image Segmentation (UCI),2310,18,7,Spectral (RBF),0.4166,0.0028,0.6035,0.0011,oracle,{'gamma': 0.1},3,4.62
unsup_silhouette,Image Segmentation (UCI),2310,18,7,Spectral (RBF),0.0001,0.0,0.0119,0.0,silhouette,{'gamma': 1.0},3,6.45
main_benchmark,Image Segmentation (UCI),2310,18,7,DBSCAN,0.3093,0.0,0.5524,0.0,oracle,"{'eps': 0.765, 'ms': 5}",16,1.87
unsup_silhouette,Image Segmentation (UCI),2310,18,7,DBSCAN,0.2235,0.0,0.4881,0.0,silhouette,"{'eps': 1.598, 'ms': 5}",16,1.89
main_benchmark,Image Segmentation (UCI),2310,18,7,HDBSCAN,0.4432,0.0,0.6331,0.0,oracle,"{'mcs': 5, 'ms': None}",12,2.73
unsup_silhouette,Image Segmentation (UCI),2310,18,7,HDBSCAN,0.2214,0.0,0.4627,0.0,silhouette,"{'mcs': 50, 'ms': 10}",12,2.87
main_benchmark,Image Segmentation (UCI),2310,18,7,BIRCH,0.4063,0.0,0.5581,0.0,oracle,{'thr': 0.2},4,0.54
unsup_silhouette,Image Segmentation (UCI),2310,18,7,BIRCH,0.1063,0.0,0.3384,0.0,silhouette,{'thr': 1.5},4,0.58
main_benchmark,Image Segmentation (UCI),2310,18,7,FINCH (2019),0.44,0.0,0.6093,0.0,oracle,{'req_clust': 7},1,0.11
unsup_silhouette,Image Segmentation (UCI),2310,18,7,FINCH (2019),0.44,0.0,0.6093,0.0,silhouette,{'req_clust': 7},1,0.14
main_benchmark,Image Segmentation (UCI),2310,18,7,DPC (Sci.2014),0.5406,0.0,0.6469,0.0,oracle,{'dc%': 5.0},4,0.72
unsup_silhouette,Image Segmentation (UCI),2310,18,7,DPC (Sci.2014),0.5406,0.0,0.6469,0.0,silhouette,{'dc%': 5.0},4,0.83
main_benchmark,Image Segmentation (UCI),2310,18,7,LSC (anchor spectral),0.4931,0.0008,0.6053,0.0004,oracle,"{'anchors': 256, 'k': 10}",9,7.05
unsup_silhouette,Image Segmentation (UCI),2310,18,7,LSC (anchor spectral),0.4506,0.0034,0.5915,0.0178,silhouette,"{'anchors': 512, 'k': 10}",9,9.39
main_benchmark,USPS (PCA-50),9298,50,10,DRASC (proposed),0.6351,0.0,0.7893,0.0,oracle,"{'k': 7, 'gamma': 3.0}",15,0.87
unsup_silhouette,USPS (PCA-50),9298,50,10,DRASC (proposed),0.6193,0.0,0.7724,0.0,silhouette,"{'k': 15, 'gamma': 3.0}",15,1.73
drasc_selection,USPS (PCA-50),9298,50,10,DRASC (proposed),0.6351,0.0,0.7893,0.0,eigengap,"{'k': 7, 'gamma': 3.0}",15,0.0
drasc_selection,USPS (PCA-50),9298,50,10,DRASC (proposed),0.6193,0.0,0.7724,0.0,silhouette,"{'k': 15, 'gamma': 3.0}",15,0.0
drasc_selection,USPS (PCA-50),9298,50,10,DRASC (proposed),0.6351,0.0,0.7893,0.0,oracle,"{'k': 7, 'gamma': 3.0}",15,0.0
main_benchmark,USPS (PCA-50),9298,50,10,"Ablation-B (adaptive only, g=0)",0.6249,0.0,0.7728,0.0,oracle,"{'k': 7, 'gamma': 0.0}",5,0.83
unsup_silhouette,USPS (PCA-50),9298,50,10,"Ablation-B (adaptive only, g=0)",0.6161,0.0,0.763,0.0,silhouette,"{'k': 10, 'gamma': 0.0}",5,1.68
main_benchmark,USPS (PCA-50),9298,50,10,k-means++,0.4425,0.0157,0.5716,0.012,oracle,{'n_init': 50},1,21.51
unsup_silhouette,USPS (PCA-50),9298,50,10,k-means++,0.4425,0.0157,0.5716,0.012,silhouette,{'n_init': 50},1,35.91
main_benchmark,USPS (PCA-50),9298,50,10,GMM (EM),0.402,0.0024,0.546,0.0034,oracle,{'cov': 'full'},4,216.71
unsup_silhouette,USPS (PCA-50),9298,50,10,GMM (EM),0.4083,0.0549,0.5871,0.0134,silhouette,{'cov': 'tied'},4,231.83
main_benchmark,USPS (PCA-50),9298,50,10,Agglomerative,0.4366,0.0,0.5969,0.0,oracle,"{'linkage': 'ward', 'knn': 15}",3,13.19
unsup_silhouette,USPS (PCA-50),9298,50,10,Agglomerative,0.0,0.0,0.002,0.0,silhouette,"{'linkage': 'average', 'knn': 15}",3,19.96
main_benchmark,USPS (PCA-50),9298,50,10,Spectral (kNN),0.5959,0.0,0.7619,0.0,oracle,{'k': 7},5,104.87
unsup_silhouette,USPS (PCA-50),9298,50,10,Spectral (kNN),0.5959,0.0,0.7619,0.0,silhouette,{'k': 7},5,111.63
main_benchmark,USPS (PCA-50),9298,50,10,DBSCAN,0.1199,0.0,0.3322,0.0,oracle,"{'eps': 3.504, 'ms': 5}",16,4.19
unsup_silhouette,USPS (PCA-50),9298,50,10,DBSCAN,0.0032,0.0,0.0181,0.0,silhouette,"{'eps': 8.51, 'ms': 5}",16,4.41
main_benchmark,USPS (PCA-50),9298,50,10,HDBSCAN,0.0819,0.0,0.3677,0.0,oracle,"{'mcs': 5, 'ms': 10}",12,49.24
unsup_silhouette,USPS (PCA-50),9298,50,10,HDBSCAN,0.0816,0.0,0.3663,0.0,silhouette,"{'mcs': 25, 'ms': 10}",12,52.66
main_benchmark,USPS (PCA-50),9298,50,10,BIRCH,0.4659,0.0,0.6089,0.0,oracle,{'thr': 0.2},4,10.25
unsup_silhouette,USPS (PCA-50),9298,50,10,BIRCH,0.3787,0.0,0.5822,0.0,silhouette,{'thr': 1.5},4,11.78
main_benchmark,USPS (PCA-50),9298,50,10,FINCH (2019),0.5785,0.0,0.719,0.0,oracle,{'req_clust': 10},1,1.51
unsup_silhouette,USPS (PCA-50),9298,50,10,FINCH (2019),0.5785,0.0,0.719,0.0,silhouette,{'req_clust': 10},1,2.2
main_benchmark,USPS (PCA-50),9298,50,10,LSC (anchor spectral),0.6748,0.0233,0.7388,0.0103,oracle,"{'anchors': 512, 'k': 3}",9,19.64
unsup_silhouette,USPS (PCA-50),9298,50,10,LSC (anchor spectral),0.5181,0.0042,0.6171,0.003,silhouette,"{'anchors': 256, 'k': 10}",9,21.64
main_benchmark,"MNIST (10k, PCA-50)",10000,50,10,DRASC (proposed),0.4662,0.0,0.6291,0.0,oracle,"{'k': 10, 'gamma': 3.0}",15,1.09
unsup_silhouette,"MNIST (10k, PCA-50)",10000,50,10,DRASC (proposed),0.3948,0.0001,0.5764,0.0,silhouette,"{'k': 50, 'gamma': 2.0}",15,2.37
drasc_selection,"MNIST (10k, PCA-50)",10000,50,10,DRASC (proposed),0.3744,0.0,0.5876,0.0001,eigengap,"{'k': 30, 'gamma': 1.0}",15,0.0
drasc_selection,"MNIST (10k, PCA-50)",10000,50,10,DRASC (proposed),0.3947,0.0,0.5764,0.0,silhouette,"{'k': 50, 'gamma': 2.0}",15,0.0
drasc_selection,"MNIST (10k, PCA-50)",10000,50,10,DRASC (proposed),0.4662,0.0,0.6291,0.0,oracle,"{'k': 10, 'gamma': 3.0}",15,0.0
main_benchmark,"MNIST (10k, PCA-50)",10000,50,10,"Ablation-B (adaptive only, g=0)",0.4422,0.0,0.6077,0.0,oracle,"{'k': 7, 'gamma': 0.0}",5,0.99
unsup_silhouette,"MNIST (10k, PCA-50)",10000,50,10,"Ablation-B (adaptive only, g=0)",0.4422,0.0,0.6077,0.0,silhouette,"{'k': 7, 'gamma': 0.0}",5,1.98
main_benchmark,"MNIST (10k, PCA-50)",10000,50,10,k-means++,0.18,0.0311,0.3294,0.0403,oracle,{'n_init': 50},1,4.03
unsup_silhouette,"MNIST (10k, PCA-50)",10000,50,10,k-means++,0.18,0.0311,0.3294,0.0403,silhouette,{'n_init': 50},1,6.62
main_benchmark,"MNIST (10k, PCA-50)",10000,50,10,GMM (EM),0.1294,0.0158,0.3317,0.0111,oracle,{'cov': 'diag'},3,17.85
unsup_silhouette,"MNIST (10k, PCA-50)",10000,50,10,GMM (EM),0.0572,0.0008,0.2892,0.0016,silhouette,{'cov': 'tied'},3,49.05
main_benchmark,"MNIST (10k, PCA-50)",10000,50,10,Agglomerative,0.3001,0.0,0.4948,0.0,oracle,"{'linkage': 'ward', 'knn': 15}",3,12.75
unsup_silhouette,"MNIST (10k, PCA-50)",10000,50,10,Agglomerative,-0.0,0.0,0.0018,0.0,silhouette,"{'linkage': 'average', 'knn': 15}",3,19.1
main_benchmark,"MNIST (10k, PCA-50)",10000,50,10,Spectral (kNN),0.3677,0.0,0.6189,0.0,oracle,{'k': 10},5,88.99
unsup_silhouette,"MNIST (10k, PCA-50)",10000,50,10,Spectral (kNN),0.3677,0.0,0.6189,0.0,silhouette,{'k': 10},5,103.67
main_benchmark,"MNIST (10k, PCA-50)",10000,50,10,DBSCAN,0.0645,0.0,0.1793,0.0,oracle,"{'eps': 3.049, 'ms': 10}",16,3.71
unsup_silhouette,"MNIST (10k, PCA-50)",10000,50,10,DBSCAN,0.0007,0.0,0.0126,0.0,silhouette,"{'eps': 6.397, 'ms': 10}",16,3.85
main_benchmark,"MNIST (10k, PCA-50)",10000,50,10,HDBSCAN,0.0561,0.0,0.1699,0.0,oracle,"{'mcs': 50, 'ms': 10}",12,52.25
unsup_silhouette,"MNIST (10k, PCA-50)",10000,50,10,HDBSCAN,0.0127,0.0,0.0429,0.0,silhouette,"{'mcs': 5, 'ms': None}",12,56.46
main_benchmark,"MNIST (10k, PCA-50)",10000,50,10,BIRCH,0.2758,0.0,0.4921,0.0,oracle,{'thr': 0.5},4,11.44
unsup_silhouette,"MNIST (10k, PCA-50)",10000,50,10,BIRCH,0.0014,0.0,0.0464,0.0,silhouette,{'thr': 1.5},4,13.03
main_benchmark,"MNIST (10k, PCA-50)",10000,50,10,FINCH (2019),0.374,0.0,0.5265,0.0,oracle,{'req_clust': 10},1,1.64
unsup_silhouette,"MNIST (10k, PCA-50)",10000,50,10,FINCH (2019),0.374,0.0,0.5265,0.0,silhouette,{'req_clust': 10},1,2.4
main_benchmark,"MNIST (10k, PCA-50)",10000,50,10,LSC (anchor spectral),0.4787,0.0091,0.5821,0.0063,oracle,"{'anchors': 1024, 'k': 5}",9,31.67
unsup_silhouette,"MNIST (10k, PCA-50)",10000,50,10,LSC (anchor spectral),0.3782,0.0021,0.4841,0.0045,silhouette,"{'anchors': 256, 'k': 10}",9,33.85
main_benchmark,"Fashion-MNIST (10k, PCA-50)",10000,50,10,DRASC (proposed),0.4472,0.0,0.6341,0.0,oracle,"{'k': 10, 'gamma': 1.0}",15,1.03
unsup_silhouette,"Fashion-MNIST (10k, PCA-50)",10000,50,10,DRASC (proposed),0.4409,0.0001,0.623,0.0,silhouette,"{'k': 50, 'gamma': 3.0}",15,2.16
drasc_selection,"Fashion-MNIST (10k, PCA-50)",10000,50,10,DRASC (proposed),0.4462,0.0,0.6318,0.0,eigengap,"{'k': 15, 'gamma': 3.0}",15,0.0
drasc_selection,"Fashion-MNIST (10k, PCA-50)",10000,50,10,DRASC (proposed),0.4409,0.0,0.623,0.0,silhouette,"{'k': 50, 'gamma': 3.0}",15,0.0
drasc_selection,"Fashion-MNIST (10k, PCA-50)",10000,50,10,DRASC (proposed),0.4472,0.0,0.6341,0.0,oracle,"{'k': 10, 'gamma': 1.0}",15,0.0
main_benchmark,"Fashion-MNIST (10k, PCA-50)",10000,50,10,"Ablation-B (adaptive only, g=0)",0.4499,0.0,0.6373,0.0,oracle,"{'k': 10, 'gamma': 0.0}",5,1.02
unsup_silhouette,"Fashion-MNIST (10k, PCA-50)",10000,50,10,"Ablation-B (adaptive only, g=0)",0.4487,0.0,0.6355,0.0,silhouette,"{'k': 7, 'gamma': 0.0}",5,2.04
main_benchmark,"Fashion-MNIST (10k, PCA-50)",10000,50,10,k-means++,0.3421,0.0177,0.5371,0.0156,oracle,{'n_init': 50},1,3.7
unsup_silhouette,"Fashion-MNIST (10k, PCA-50)",10000,50,10,k-means++,0.3421,0.0177,0.5371,0.0156,silhouette,{'n_init': 50},1,6.06
main_benchmark,"Fashion-MNIST (10k, PCA-50)",10000,50,10,GMM (EM),0.2842,0.011,0.4608,0.0042,oracle,{'cov': 'diag'},3,24.76
unsup_silhouette,"Fashion-MNIST (10k, PCA-50)",10000,50,10,GMM (EM),0.2892,0.0573,0.501,0.0482,silhouette,{'cov': 'tied'},3,39.01
main_benchmark,"Fashion-MNIST (10k, PCA-50)",10000,50,10,Agglomerative,0.296,0.0,0.5297,0.0,oracle,"{'linkage': 'ward', 'knn': 15}",3,18.47
unsup_silhouette,"Fashion-MNIST (10k, PCA-50)",10000,50,10,Agglomerative,0.0,0.0,0.002,0.0,silhouette,"{'linkage': 'average', 'knn': 15}",3,28.83
main_benchmark,"Fashion-MNIST (10k, PCA-50)",10000,50,10,Spectral (kNN),0.4452,0.0,0.6282,0.0,oracle,{'k': 7},5,37.02
unsup_silhouette,"Fashion-MNIST (10k, PCA-50)",10000,50,10,Spectral (kNN),0.3226,0.0005,0.5599,0.0004,silhouette,{'k': 50},5,60.02
main_benchmark,"Fashion-MNIST (10k, PCA-50)",10000,50,10,DBSCAN,0.0516,0.0,0.1441,0.0,oracle,"{'eps': 3.181, 'ms': 10}",16,3.69
unsup_silhouette,"Fashion-MNIST (10k, PCA-50)",10000,50,10,DBSCAN,0.0022,0.0,0.0305,0.0,silhouette,"{'eps': 6.907, 'ms': 5}",16,3.83
main_benchmark,"Fashion-MNIST (10k, PCA-50)",10000,50,10,HDBSCAN,0.0466,0.0,0.0999,0.0,oracle,"{'mcs': 25, 'ms': 5}",12,54.55
unsup_silhouette,"Fashion-MNIST (10k, PCA-50)",10000,50,10,HDBSCAN,0.0113,0.0,0.0582,0.0,silhouette,"{'mcs': 5, 'ms': None}",12,58.82
main_benchmark,"Fashion-MNIST (10k, PCA-50)",10000,50,10,BIRCH,0.3273,0.0,0.5174,0.0,oracle,{'thr': 0.2},4,12.18
unsup_silhouette,"Fashion-MNIST (10k, PCA-50)",10000,50,10,BIRCH,0.1893,0.0,0.4309,0.0,silhouette,{'thr': 1.5},4,14.06
main_benchmark,"Fashion-MNIST (10k, PCA-50)",10000,50,10,FINCH (2019),0.4302,0.0,0.588,0.0,oracle,{'req_clust': 10},1,1.61
unsup_silhouette,"Fashion-MNIST (10k, PCA-50)",10000,50,10,FINCH (2019),0.4302,0.0,0.588,0.0,silhouette,{'req_clust': 10},1,2.36
main_benchmark,"Fashion-MNIST (10k, PCA-50)",10000,50,10,LSC (anchor spectral),0.469,0.0008,0.6043,0.0009,oracle,"{'anchors': 512, 'k': 5}",9,26.73
unsup_silhouette,"Fashion-MNIST (10k, PCA-50)",10000,50,10,LSC (anchor spectral),0.4174,0.0028,0.5893,0.0021,silhouette,"{'anchors': 1024, 'k': 3}",9,35.01
robustness_noise,Digits,1797,64,10,DRASC,0.664,0.0,0.7767,0.0,fixed,noise_sd=0.0,1,0.0
robustness_noise,Digits,1797,64,10,Spectral-kNN,0.6659,0.0004,0.8006,0.0006,fixed,noise_sd=0.0,1,0.0
robustness_noise,Digits,1797,64,10,k-means++,0.4679,0.0003,0.6269,0.0005,fixed,noise_sd=0.0,1,0.0
robustness_noise,Digits,1797,64,10,GMM (EM),0.5183,0.0849,0.6846,0.0314,fixed,noise_sd=0.0,1,0.0
robustness_noise,Digits,1797,64,10,LSC,0.6936,0.0072,0.8073,0.0062,fixed,noise_sd=0.0,1,0.0
robustness_noise,Digits,1797,64,10,DRASC,0.6095,0.0,0.741,0.0,fixed,noise_sd=0.5,1,0.0
robustness_noise,Digits,1797,64,10,Spectral-kNN,0.5818,0.0005,0.7478,0.0005,fixed,noise_sd=0.5,1,0.0
robustness_noise,Digits,1797,64,10,k-means++,0.454,0.0062,0.6001,0.0092,fixed,noise_sd=0.5,1,0.0
robustness_noise,Digits,1797,64,10,GMM (EM),0.4847,0.0568,0.6221,0.0447,fixed,noise_sd=0.5,1,0.0
robustness_noise,Digits,1797,64,10,LSC,0.6205,0.0084,0.7501,0.0032,fixed,noise_sd=0.5,1,0.0
robustness_noise,Digits,1797,64,10,DRASC,0.4391,0.0006,0.5704,0.0007,fixed,noise_sd=1.0,1,0.0
robustness_noise,Digits,1797,64,10,Spectral-kNN,0.4087,0.0003,0.6215,0.0001,fixed,noise_sd=1.0,1,0.0
robustness_noise,Digits,1797,64,10,k-means++,0.4264,0.0075,0.5473,0.009,fixed,noise_sd=1.0,1,0.0
robustness_noise,Digits,1797,64,10,GMM (EM),0.454,0.0159,0.5651,0.0113,fixed,noise_sd=1.0,1,0.0
robustness_noise,Digits,1797,64,10,LSC,0.4256,0.0036,0.5553,0.0017,fixed,noise_sd=1.0,1,0.0
robustness_noise,Digits,1797,64,10,DRASC,0.2132,0.0048,0.2768,0.0045,fixed,noise_sd=2.0,1,0.0
robustness_noise,Digits,1797,64,10,Spectral-kNN,0.2049,0.0,0.2794,0.0003,fixed,noise_sd=2.0,1,0.0
robustness_noise,Digits,1797,64,10,k-means++,0.2361,0.005,0.3124,0.0047,fixed,noise_sd=2.0,1,0.0
robustness_noise,Digits,1797,64,10,GMM (EM),0.2029,0.0381,0.284,0.0249,fixed,noise_sd=2.0,1,0.0
robustness_noise,Digits,1797,64,10,LSC,0.1057,0.0158,0.1841,0.0167,fixed,noise_sd=2.0,1,0.0
robustness_noise,Digits,1797,64,10,DRASC,0.012,0.0004,0.0338,0.0007,fixed,noise_sd=4.0,1,0.0
robustness_noise,Digits,1797,64,10,Spectral-kNN,0.0115,0.0014,0.0328,0.0026,fixed,noise_sd=4.0,1,0.0
robustness_noise,Digits,1797,64,10,k-means++,0.0155,0.001,0.0381,0.0024,fixed,noise_sd=4.0,1,0.0
robustness_noise,Digits,1797,64,10,GMM (EM),0.0125,0.0034,0.0333,0.0065,fixed,noise_sd=4.0,1,0.0
robustness_noise,Digits,1797,64,10,LSC,0.0079,0.0021,0.0247,0.0034,fixed,noise_sd=4.0,1,0.0
robustness_imbalance,Digits,1797,64,10,DRASC,0.664,0.0,0.7767,0.0,fixed,minority_frac=1.0,1,0.0
robustness_imbalance,Digits,1797,64,10,Spectral-kNN,0.6657,0.0004,0.8002,0.0006,fixed,minority_frac=1.0,1,0.0
robustness_imbalance,Digits,1797,64,10,k-means++,0.4659,0.0021,0.6249,0.002,fixed,minority_frac=1.0,1,0.0
robustness_imbalance,Digits,1797,64,10,GMM (EM),0.4337,0.058,0.6455,0.0334,fixed,minority_frac=1.0,1,0.0
robustness_imbalance,Digits,1797,64,10,LSC,0.6913,0.0031,0.7958,0.0035,fixed,minority_frac=1.0,1,0.0
robustness_imbalance,Digits,1350,64,10,DRASC,0.7129,0.0006,0.7848,0.0007,fixed,minority_frac=0.5,1,0.0
robustness_imbalance,Digits,1350,64,10,Spectral-kNN,0.6359,0.0,0.788,0.0,fixed,minority_frac=0.5,1,0.0
robustness_imbalance,Digits,1350,64,10,k-means++,0.4314,0.023,0.5776,0.0196,fixed,minority_frac=0.5,1,0.0
robustness_imbalance,Digits,1350,64,10,GMM (EM),0.3118,0.1105,0.5337,0.0508,fixed,minority_frac=0.5,1,0.0
robustness_imbalance,Digits,1350,64,10,LSC,0.6281,0.016,0.7761,0.0122,fixed,minority_frac=0.5,1,0.0
robustness_imbalance,Digits,1127,64,10,DRASC,0.6878,0.0027,0.7526,0.0015,fixed,minority_frac=0.25,1,0.0
robustness_imbalance,Digits,1127,64,10,Spectral-kNN,0.6637,0.0,0.7489,0.0,fixed,minority_frac=0.25,1,0.0
robustness_imbalance,Digits,1127,64,10,k-means++,0.4925,0.0213,0.5993,0.0131,fixed,minority_frac=0.25,1,0.0
robustness_imbalance,Digits,1127,64,10,GMM (EM),0.5279,0.0547,0.6262,0.0315,fixed,minority_frac=0.25,1,0.0
robustness_imbalance,Digits,1127,64,10,LSC,0.6245,0.0268,0.7486,0.0116,fixed,minority_frac=0.25,1,0.0
robustness_imbalance,Digits,993,64,10,DRASC,0.63,0.0053,0.7267,0.0009,fixed,minority_frac=0.1,1,0.0
robustness_imbalance,Digits,993,64,10,Spectral-kNN,0.6937,0.0018,0.7462,0.0015,fixed,minority_frac=0.1,1,0.0
robustness_imbalance,Digits,993,64,10,k-means++,0.5417,0.0058,0.6113,0.0044,fixed,minority_frac=0.1,1,0.0
robustness_imbalance,Digits,993,64,10,GMM (EM),0.5132,0.0377,0.6129,0.0176,fixed,minority_frac=0.1,1,0.0
robustness_imbalance,Digits,993,64,10,LSC,0.6736,0.0042,0.7444,0.0056,fixed,minority_frac=0.1,1,0.0
sensitivity,Digits 8x8 (UCI handwritten),1797,64,10,DRASC,0.7051,0.0,0.8056,0.0,fixed,k=5;gamma=0.0,1,0.0
sensitivity,Digits 8x8 (UCI handwritten),1797,64,10,DRASC,0.705,0.0,0.8042,0.0,fixed,k=5;gamma=0.5,1,0.0
sensitivity,Digits 8x8 (UCI handwritten),1797,64,10,DRASC,0.7164,0.0,0.8103,0.0,fixed,k=5;gamma=1.0,1,0.0
sensitivity,Digits 8x8 (UCI handwritten),1797,64,10,DRASC,0.8086,0.0,0.87,0.0,fixed,k=5;gamma=1.5,1,0.0
sensitivity,Digits 8x8 (UCI handwritten),1797,64,10,DRASC,0.8091,0.0,0.8699,0.0,fixed,k=5;gamma=2.0,1,0.0
sensitivity,Digits 8x8 (UCI handwritten),1797,64,10,DRASC,0.8084,0.0,0.8689,0.0,fixed,k=5;gamma=2.5,1,0.0
sensitivity,Digits 8x8 (UCI handwritten),1797,64,10,DRASC,0.8076,0.0,0.8692,0.0,fixed,k=5;gamma=3.0,1,0.0
sensitivity,Digits 8x8 (UCI handwritten),1797,64,10,DRASC,0.8038,0.0,0.8654,0.0,fixed,k=5;gamma=4.0,1,0.0
sensitivity,Digits 8x8 (UCI handwritten),1797,64,10,DRASC,0.7068,0.0,0.8065,0.0,fixed,k=7;gamma=0.0,1,0.0
sensitivity,Digits 8x8 (UCI handwritten),1797,64,10,DRASC,0.7097,0.0,0.8059,0.0,fixed,k=7;gamma=0.5,1,0.0
sensitivity,Digits 8x8 (UCI handwritten),1797,64,10,DRASC,0.7102,0.0,0.8061,0.0,fixed,k=7;gamma=1.0,1,0.0
sensitivity,Digits 8x8 (UCI handwritten),1797,64,10,DRASC,0.8043,0.0,0.8642,0.0,fixed,k=7;gamma=1.5,1,0.0
sensitivity,Digits 8x8 (UCI handwritten),1797,64,10,DRASC,0.8016,0.0,0.8605,0.0,fixed,k=7;gamma=2.0,1,0.0
sensitivity,Digits 8x8 (UCI handwritten),1797,64,10,DRASC,0.8017,0.0,0.861,0.0,fixed,k=7;gamma=2.5,1,0.0
sensitivity,Digits 8x8 (UCI handwritten),1797,64,10,DRASC,0.8069,0.0,0.8655,0.0,fixed,k=7;gamma=3.0,1,0.0
sensitivity,Digits 8x8 (UCI handwritten),1797,64,10,DRASC,0.8043,0.0,0.8651,0.0,fixed,k=7;gamma=4.0,1,0.0
sensitivity,Digits 8x8 (UCI handwritten),1797,64,10,DRASC,0.6954,0.0,0.7972,0.0,fixed,k=10;gamma=0.0,1,0.0
sensitivity,Digits 8x8 (UCI handwritten),1797,64,10,DRASC,0.6974,0.0,0.7978,0.0,fixed,k=10;gamma=0.5,1,0.0
sensitivity,Digits 8x8 (UCI handwritten),1797,64,10,DRASC,0.6931,0.0,0.7942,0.0,fixed,k=10;gamma=1.0,1,0.0
sensitivity,Digits 8x8 (UCI handwritten),1797,64,10,DRASC,0.7007,0.0,0.7985,0.0,fixed,k=10;gamma=1.5,1,0.0
sensitivity,Digits 8x8 (UCI handwritten),1797,64,10,DRASC,0.7001,0.0,0.7987,0.0,fixed,k=10;gamma=2.0,1,0.0
sensitivity,Digits 8x8 (UCI handwritten),1797,64,10,DRASC,0.711,0.0,0.8112,0.0,fixed,k=10;gamma=2.5,1,0.0
sensitivity,Digits 8x8 (UCI handwritten),1797,64,10,DRASC,0.7119,0.0,0.8129,0.0,fixed,k=10;gamma=3.0,1,0.0
sensitivity,Digits 8x8 (UCI handwritten),1797,64,10,DRASC,0.7082,0.0,0.8114,0.0,fixed,k=10;gamma=4.0,1,0.0
sensitivity,Digits 8x8 (UCI handwritten),1797,64,10,DRASC,0.6774,0.0,0.7846,0.0,fixed,k=15;gamma=0.0,1,0.0
sensitivity,Digits 8x8 (UCI handwritten),1797,64,10,DRASC,0.6771,0.0,0.7862,0.0,fixed,k=15;gamma=0.5,1,0.0
sensitivity,Digits 8x8 (UCI handwritten),1797,64,10,DRASC,0.6705,0.0,0.7803,0.0,fixed,k=15;gamma=1.0,1,0.0
sensitivity,Digits 8x8 (UCI handwritten),1797,64,10,DRASC,0.6649,0.0,0.7762,0.0,fixed,k=15;gamma=1.5,1,0.0
sensitivity,Digits 8x8 (UCI handwritten),1797,64,10,DRASC,0.664,0.0,0.7767,0.0,fixed,k=15;gamma=2.0,1,0.0
sensitivity,Digits 8x8 (UCI handwritten),1797,64,10,DRASC,0.7175,0.0,0.7997,0.0,fixed,k=15;gamma=2.5,1,0.0
sensitivity,Digits 8x8 (UCI handwritten),1797,64,10,DRASC,0.717,0.0,0.7995,0.0,fixed,k=15;gamma=3.0,1,0.0
sensitivity,Digits 8x8 (UCI handwritten),1797,64,10,DRASC,0.7241,0.0,0.8034,0.0,fixed,k=15;gamma=4.0,1,0.0
sensitivity,Digits 8x8 (UCI handwritten),1797,64,10,DRASC,0.6658,0.0,0.7771,0.0,fixed,k=20;gamma=0.0,1,0.0
sensitivity,Digits 8x8 (UCI handwritten),1797,64,10,DRASC,0.6556,0.0,0.7709,0.0,fixed,k=20;gamma=0.5,1,0.0
sensitivity,Digits 8x8 (UCI handwritten),1797,64,10,DRASC,0.6558,0.0,0.7701,0.0,fixed,k=20;gamma=1.0,1,0.0
sensitivity,Digits 8x8 (UCI handwritten),1797,64,10,DRASC,0.6549,0.0,0.7691,0.0,fixed,k=20;gamma=1.5,1,0.0
sensitivity,Digits 8x8 (UCI handwritten),1797,64,10,DRASC,0.6509,0.0,0.7663,0.0,fixed,k=20;gamma=2.0,1,0.0
sensitivity,Digits 8x8 (UCI handwritten),1797,64,10,DRASC,0.7127,0.0,0.7974,0.0,fixed,k=20;gamma=2.5,1,0.0
sensitivity,Digits 8x8 (UCI handwritten),1797,64,10,DRASC,0.7138,0.0,0.7983,0.0,fixed,k=20;gamma=3.0,1,0.0
sensitivity,Digits 8x8 (UCI handwritten),1797,64,10,DRASC,0.718,0.0,0.8011,0.0,fixed,k=20;gamma=4.0,1,0.0
sensitivity,Digits 8x8 (UCI handwritten),1797,64,10,DRASC,0.6537,0.0,0.7688,0.0,fixed,k=30;gamma=0.0,1,0.0
sensitivity,Digits 8x8 (UCI handwritten),1797,64,10,DRASC,0.647,0.0,0.7632,0.0,fixed,k=30;gamma=0.5,1,0.0
sensitivity,Digits 8x8 (UCI handwritten),1797,64,10,DRASC,0.6465,0.0,0.7622,0.0,fixed,k=30;gamma=1.0,1,0.0
sensitivity,Digits 8x8 (UCI handwritten),1797,64,10,DRASC,0.6433,0.0,0.7588,0.0,fixed,k=30;gamma=1.5,1,0.0
sensitivity,Digits 8x8 (UCI handwritten),1797,64,10,DRASC,0.6387,0.0,0.7548,0.0,fixed,k=30;gamma=2.0,1,0.0
sensitivity,Digits 8x8 (UCI handwritten),1797,64,10,DRASC,0.6928,0.0,0.7812,0.0,fixed,k=30;gamma=2.5,1,0.0
sensitivity,Digits 8x8 (UCI handwritten),1797,64,10,DRASC,0.6914,0.0,0.7806,0.0,fixed,k=30;gamma=3.0,1,0.0
sensitivity,Digits 8x8 (UCI handwritten),1797,64,10,DRASC,0.6853,0.0,0.7789,0.0,fixed,k=30;gamma=4.0,1,0.0
sensitivity,Digits 8x8 (UCI handwritten),1797,64,10,DRASC,0.645,0.0,0.7565,0.0,fixed,k=50;gamma=0.0,1,0.0
sensitivity,Digits 8x8 (UCI handwritten),1797,64,10,DRASC,0.642,0.0,0.7546,0.0,fixed,k=50;gamma=0.5,1,0.0
sensitivity,Digits 8x8 (UCI handwritten),1797,64,10,DRASC,0.6402,0.0,0.754,0.0,fixed,k=50;gamma=1.0,1,0.0
sensitivity,Digits 8x8 (UCI handwritten),1797,64,10,DRASC,0.6341,0.0,0.7489,0.0,fixed,k=50;gamma=1.5,1,0.0
sensitivity,Digits 8x8 (UCI handwritten),1797,64,10,DRASC,0.6307,0.0,0.7444,0.0,fixed,k=50;gamma=2.0,1,0.0
sensitivity,Digits 8x8 (UCI handwritten),1797,64,10,DRASC,0.6647,0.0,0.7582,0.0,fixed,k=50;gamma=2.5,1,0.0
sensitivity,Digits 8x8 (UCI handwritten),1797,64,10,DRASC,0.659,0.0,0.7548,0.0,fixed,k=50;gamma=3.0,1,0.0
sensitivity,Digits 8x8 (UCI handwritten),1797,64,10,DRASC,0.6525,0.0,0.7475,0.0,fixed,k=50;gamma=4.0,1,0.0
sensitivity,Pen Digits (UCI),4000,16,10,DRASC,0.6744,0.0,0.7965,0.0,fixed,k=5;gamma=0.0,1,0.0
sensitivity,Pen Digits (UCI),4000,16,10,DRASC,0.6759,0.0,0.7998,0.0,fixed,k=5;gamma=0.5,1,0.0
sensitivity,Pen Digits (UCI),4000,16,10,DRASC,0.7819,0.0,0.8446,0.0,fixed,k=5;gamma=1.0,1,0.0
sensitivity,Pen Digits (UCI),4000,16,10,DRASC,0.783,0.0,0.8456,0.0,fixed,k=5;gamma=1.5,1,0.0
sensitivity,Pen Digits (UCI),4000,16,10,DRASC,0.7824,0.0,0.8453,0.0,fixed,k=5;gamma=2.0,1,0.0
sensitivity,Pen Digits (UCI),4000,16,10,DRASC,0.7824,0.0,0.8453,0.0,fixed,k=5;gamma=2.5,1,0.0
sensitivity,Pen Digits (UCI),4000,16,10,DRASC,0.7819,0.0,0.8449,0.0,fixed,k=5;gamma=3.0,1,0.0
sensitivity,Pen Digits (UCI),4000,16,10,DRASC,0.7822,0.0,0.8447,0.0,fixed,k=5;gamma=4.0,1,0.0
sensitivity,Pen Digits (UCI),4000,16,10,DRASC,0.7762,0.0,0.8383,0.0,fixed,k=7;gamma=0.0,1,0.0
sensitivity,Pen Digits (UCI),4000,16,10,DRASC,0.7762,0.0,0.8385,0.0,fixed,k=7;gamma=0.5,1,0.0
sensitivity,Pen Digits (UCI),4000,16,10,DRASC,0.7768,0.0,0.8396,0.0,fixed,k=7;gamma=1.0,1,0.0
sensitivity,Pen Digits (UCI),4000,16,10,DRASC,0.7774,0.0,0.8402,0.0,fixed,k=7;gamma=1.5,1,0.0
sensitivity,Pen Digits (UCI),4000,16,10,DRASC,0.6794,0.0,0.8006,0.0,fixed,k=7;gamma=2.0,1,0.0
sensitivity,Pen Digits (UCI),4000,16,10,DRASC,0.6795,0.0,0.8009,0.0,fixed,k=7;gamma=2.5,1,0.0
sensitivity,Pen Digits (UCI),4000,16,10,DRASC,0.6785,0.0,0.7994,0.0,fixed,k=7;gamma=3.0,1,0.0
sensitivity,Pen Digits (UCI),4000,16,10,DRASC,0.6856,0.0,0.8083,0.0,fixed,k=7;gamma=4.0,1,0.0
sensitivity,Pen Digits (UCI),4000,16,10,DRASC,0.7479,0.0,0.8211,0.0,fixed,k=10;gamma=0.0,1,0.0
sensitivity,Pen Digits (UCI),4000,16,10,DRASC,0.7499,0.0,0.8227,0.0,fixed,k=10;gamma=0.5,1,0.0
sensitivity,Pen Digits (UCI),4000,16,10,DRASC,0.779,0.0,0.8386,0.0,fixed,k=10;gamma=1.0,1,0.0
sensitivity,Pen Digits (UCI),4000,16,10,DRASC,0.785,0.0,0.8437,0.0,fixed,k=10;gamma=1.5,1,0.0
sensitivity,Pen Digits (UCI),4000,16,10,DRASC,0.8001,0.0,0.857,0.0,fixed,k=10;gamma=2.0,1,0.0
sensitivity,Pen Digits (UCI),4000,16,10,DRASC,0.7831,0.0,0.8462,0.0,fixed,k=10;gamma=2.5,1,0.0
sensitivity,Pen Digits (UCI),4000,16,10,DRASC,0.7841,0.0,0.847,0.0,fixed,k=10;gamma=3.0,1,0.0
sensitivity,Pen Digits (UCI),4000,16,10,DRASC,0.7837,0.0,0.8464,0.0,fixed,k=10;gamma=4.0,1,0.0
sensitivity,Pen Digits (UCI),4000,16,10,DRASC,0.7441,0.0,0.8173,0.0,fixed,k=15;gamma=0.0,1,0.0
sensitivity,Pen Digits (UCI),4000,16,10,DRASC,0.7425,0.0,0.8165,0.0,fixed,k=15;gamma=0.5,1,0.0
sensitivity,Pen Digits (UCI),4000,16,10,DRASC,0.7441,0.0,0.8174,0.0,fixed,k=15;gamma=1.0,1,0.0
sensitivity,Pen Digits (UCI),4000,16,10,DRASC,0.7295,0.0,0.8135,0.0,fixed,k=15;gamma=1.5,1,0.0
sensitivity,Pen Digits (UCI),4000,16,10,DRASC,0.7649,0.0,0.8337,0.0,fixed,k=15;gamma=2.0,1,0.0
sensitivity,Pen Digits (UCI),4000,16,10,DRASC,0.7674,0.0,0.8361,0.0,fixed,k=15;gamma=2.5,1,0.0
sensitivity,Pen Digits (UCI),4000,16,10,DRASC,0.7832,0.0,0.8488,0.0,fixed,k=15;gamma=3.0,1,0.0
sensitivity,Pen Digits (UCI),4000,16,10,DRASC,0.7847,0.0,0.8505,0.0,fixed,k=15;gamma=4.0,1,0.0
sensitivity,Pen Digits (UCI),4000,16,10,DRASC,0.7399,0.0,0.8147,0.0,fixed,k=20;gamma=0.0,1,0.0
sensitivity,Pen Digits (UCI),4000,16,10,DRASC,0.7295,0.0,0.8082,0.0,fixed,k=20;gamma=0.5,1,0.0
sensitivity,Pen Digits (UCI),4000,16,10,DRASC,0.7279,0.0,0.8097,0.0,fixed,k=20;gamma=1.0,1,0.0
sensitivity,Pen Digits (UCI),4000,16,10,DRASC,0.7285,0.0,0.8138,0.0,fixed,k=20;gamma=1.5,1,0.0
sensitivity,Pen Digits (UCI),4000,16,10,DRASC,0.7306,0.0,0.8154,0.0,fixed,k=20;gamma=2.0,1,0.0
sensitivity,Pen Digits (UCI),4000,16,10,DRASC,0.7641,0.0,0.8345,0.0,fixed,k=20;gamma=2.5,1,0.0
sensitivity,Pen Digits (UCI),4000,16,10,DRASC,0.7668,0.0,0.8369,0.0,fixed,k=20;gamma=3.0,1,0.0
sensitivity,Pen Digits (UCI),4000,16,10,DRASC,0.7687,0.0,0.8363,0.0,fixed,k=20;gamma=4.0,1,0.0
sensitivity,Pen Digits (UCI),4000,16,10,DRASC,0.7639,0.0,0.8255,0.0,fixed,k=30;gamma=0.0,1,0.0
sensitivity,Pen Digits (UCI),4000,16,10,DRASC,0.7668,0.0,0.8295,0.0,fixed,k=30;gamma=0.5,1,0.0
sensitivity,Pen Digits (UCI),4000,16,10,DRASC,0.768,0.0,0.8323,0.0,fixed,k=30;gamma=1.0,1,0.0
sensitivity,Pen Digits (UCI),4000,16,10,DRASC,0.7709,0.0,0.8355,0.0,fixed,k=30;gamma=1.5,1,0.0
sensitivity,Pen Digits (UCI),4000,16,10,DRASC,0.7726,0.0,0.8391,0.0,fixed,k=30;gamma=2.0,1,0.0
sensitivity,Pen Digits (UCI),4000,16,10,DRASC,0.7734,0.0,0.8417,0.0,fixed,k=30;gamma=2.5,1,0.0
sensitivity,Pen Digits (UCI),4000,16,10,DRASC,0.7734,0.0,0.8422,0.0,fixed,k=30;gamma=3.0,1,0.0
sensitivity,Pen Digits (UCI),4000,16,10,DRASC,0.7726,0.0,0.8414,0.0,fixed,k=30;gamma=4.0,1,0.0
sensitivity,Pen Digits (UCI),4000,16,10,DRASC,0.6245,0.0,0.7765,0.0,fixed,k=50;gamma=0.0,1,0.0
sensitivity,Pen Digits (UCI),4000,16,10,DRASC,0.6252,0.0,0.7784,0.0,fixed,k=50;gamma=0.5,1,0.0
sensitivity,Pen Digits (UCI),4000,16,10,DRASC,0.6269,0.0,0.7809,0.0,fixed,k=50;gamma=1.0,1,0.0
sensitivity,Pen Digits (UCI),4000,16,10,DRASC,0.6287,0.0,0.7845,0.0,fixed,k=50;gamma=1.5,1,0.0
sensitivity,Pen Digits (UCI),4000,16,10,DRASC,0.7687,0.0,0.8327,0.0,fixed,k=50;gamma=2.0,1,0.0
sensitivity,Pen Digits (UCI),4000,16,10,DRASC,0.7697,0.0,0.8363,0.0,fixed,k=50;gamma=2.5,1,0.0
sensitivity,Pen Digits (UCI),4000,16,10,DRASC,0.769,0.0,0.8371,0.0,fixed,k=50;gamma=3.0,1,0.0
sensitivity,Pen Digits (UCI),4000,16,10,DRASC,0.7708,0.0,0.8407,0.0,fixed,k=50;gamma=4.0,1,0.0
scalability_mnist,MNIST (n=5000),5000,784,10,DRASC (proposed),0.4252,0.0,0.5946,0.0,fixed,k=15;gamma=2.0;pca=50,1,1.2
scalability_mnist,MNIST (n=10000),10000,784,10,DRASC (proposed),0.4849,0.0,0.6445,0.0,fixed,k=15;gamma=2.0;pca=50,1,0.67
scalability_mnist,MNIST (n=20000),20000,784,10,DRASC (proposed),0.4941,0.0,0.6627,0.0,fixed,k=15;gamma=2.0;pca=50,1,4.66
scalability_mnist,MNIST (n=40000),40000,784,10,DRASC (proposed),0.5114,0.0,0.6704,0.0,fixed,k=15;gamma=2.0;pca=50,1,6.32
scalability_mnist,MNIST (n=70000),70000,784,10,DRASC (proposed),0.5262,0.0,0.6837,0.0,fixed,k=15;gamma=2.0;pca=50,1,10.07
